-- phpMyAdmin SQL Dump
-- version 5.2.0
-- https://www.phpmyadmin.net/
--
-- Host: 127.0.0.1
-- Generation Time: Dec 05, 2022 at 01:54 PM
-- Server version: 10.4.25-MariaDB
-- PHP Version: 7.4.30

SET SQL_MODE = "NO_AUTO_VALUE_ON_ZERO";
START TRANSACTION;
SET time_zone = "+00:00";


/*!40101 SET @OLD_CHARACTER_SET_CLIENT=@@CHARACTER_SET_CLIENT */;
/*!40101 SET @OLD_CHARACTER_SET_RESULTS=@@CHARACTER_SET_RESULTS */;
/*!40101 SET @OLD_COLLATION_CONNECTION=@@COLLATION_CONNECTION */;
/*!40101 SET NAMES utf8mb4 */;

--
-- Database: `chat`
--

-- --------------------------------------------------------

--
-- Table structure for table `chat_message`
--

CREATE TABLE `chat_message` (
  `chat_message_id` int(11) NOT NULL,
  `to_user_id` int(11) NOT NULL,
  `from_user_id` int(11) NOT NULL,
  `chat_message` text NOT NULL,
  `timestamp` timestamp NOT NULL DEFAULT current_timestamp(),
  `status` int(1) NOT NULL
) ENGINE=InnoDB DEFAULT CHARSET=latin1;

--
-- Dumping data for table `chat_message`
--

INSERT INTO `chat_message` (`chat_message_id`, `to_user_id`, `from_user_id`, `chat_message`, `timestamp`, `status`) VALUES
(1, 1, 4, 'hi', '2022-12-03 15:18:56', 2),
(2, 1, 4, '?', '2022-12-03 15:19:49', 1),
(3, 5, 4, 'pakyu', '2022-12-03 15:21:25', 2),
(4, 4, 5, '?', '2022-12-03 15:22:06', 0),
(5, 0, 4, '<p><img src=\"upload/1cade81e0dde29f80f8ad5d59dac651b.jpg\" class=\"img-thumbnail\" width=\"200\" height=\"160\"></p><br>', '2022-12-03 15:29:40', 1),
(6, 1, 4, 'hahahahah', '2022-12-05 12:22:03', 1);

-- --------------------------------------------------------

--
-- Table structure for table `login`
--

CREATE TABLE `login` (
  `user_id` int(11) NOT NULL,
  `username` varchar(255) NOT NULL,
  `password` varchar(255) NOT NULL
) ENGINE=InnoDB DEFAULT CHARSET=latin1;

--
-- Dumping data for table `login`
--

INSERT INTO `login` (`user_id`, `username`, `password`) VALUES
(1, 'johnsmith', '$2y$10$4REfvTZpxLgkAR/lKG9QiOkSdahOYIR3MeoGJAyiWmRkEFfjH3396'),
(2, 'peterParker', '$2y$10$4REfvTZpxLgkAR/lKG9QiOkSdahOYIR3MeoGJAyiWmRkEFfjH3396'),
(3, 'davidMoore', '$2y$10$4REfvTZpxLgkAR/lKG9QiOkSdahOYIR3MeoGJAyiWmRkEFfjH3396'),
(4, 'admin', '$2y$10$yqbgCtYqGaoUbES/4Ewb.O/KN58yiLehiodl6QrazwAI4spf5aJh2'),
(5, 'eunice', '$2y$10$3aoK0R10w07rJcqHrzan2eqEtZhpiNXmQiin1PhJHWoYFHvr/b0VO');

-- --------------------------------------------------------

--
-- Table structure for table `login_details`
--

CREATE TABLE `login_details` (
  `login_details_id` int(11) NOT NULL,
  `user_id` int(11) NOT NULL,
  `last_activity` timestamp NOT NULL DEFAULT current_timestamp(),
  `is_type` enum('no','yes') NOT NULL
) ENGINE=InnoDB DEFAULT CHARSET=latin1;

--
-- Dumping data for table `login_details`
--

INSERT INTO `login_details` (`login_details_id`, `user_id`, `last_activity`, `is_type`) VALUES
(1, 4, '2022-12-03 15:23:10', 'no'),
(2, 5, '2022-12-03 15:22:28', 'no'),
(3, 4, '2022-12-03 16:18:12', 'no'),
(4, 4, '2022-12-05 11:16:16', 'no'),
(5, 4, '2022-12-05 12:54:52', 'no');

--
-- Indexes for dumped tables
--

--
-- Indexes for table `chat_message`
--
ALTER TABLE `chat_message`
  ADD PRIMARY KEY (`chat_message_id`);

--
-- Indexes for table `login`
--
ALTER TABLE `login`
  ADD PRIMARY KEY (`user_id`);

--
-- Indexes for table `login_details`
--
ALTER TABLE `login_details`
  ADD PRIMARY KEY (`login_details_id`);

--
-- AUTO_INCREMENT for dumped tables
--

--
-- AUTO_INCREMENT for table `chat_message`
--
ALTER TABLE `chat_message`
  MODIFY `chat_message_id` int(11) NOT NULL AUTO_INCREMENT, AUTO_INCREMENT=7;

--
-- AUTO_INCREMENT for table `login`
--
ALTER TABLE `login`
  MODIFY `user_id` int(11) NOT NULL AUTO_INCREMENT, AUTO_INCREMENT=6;

--
-- AUTO_INCREMENT for table `login_details`
--
ALTER TABLE `login_details`
  MODIFY `login_details_id` int(11) NOT NULL AUTO_INCREMENT, AUTO_INCREMENT=6;
COMMIT;

/*!40101 SET CHARACTER_SET_CLIENT=@OLD_CHARACTER_SET_CLIENT */;
/*!40101 SET CHARACTER_SET_RESULTS=@OLD_CHARACTER_SET_RESULTS */;
/*!40101 SET COLLATION_CONNECTION=@OLD_COLLATION_CONNECTION */;
